start,average,max,failed
clasp,3.767170626,8,5
spelt,3.796976242,7,6
scalp,3.812095032,8,6
clang,3.830237581,8,6
flash,3.857451404,7,6
splat,3.745140389,8,7
slept,3.782289417,7,7
clash,3.786177106,9,7
crash,3.819006479,7,7
craft,3.825917927,8,7
crypt,3.827645788,8,7
psalm,3.845788337,8,7
cleft,3.849676026,8,7
imply,3.865658747,8,7
flesh,3.914038877,7,7
slope,3.758531317,8,8
cloth,3.773218143,8,8
plush,3.854427646,8,8
clamp,3.860043197,7,8
scaly,3.865226782,8,8
amply,3.86825054,8,8
clank,3.881641469,8,8
plumb,3.898920086,7,8
welch,3.926565875,9,8
shelf,3.929157667,7,8
swamp,3.944708423,8,8
spasm,4.035421166,8,8
split,3.730885529,8,9
palsy,3.793088553,8,9
spoil,3.795680346,9,9
smelt,3.802591793,8,9
basil,3.819438445,8,9
grasp,3.828077754,8,9
gland,3.837149028,9,9
ralph,3.837149028,9,9
prowl,3.861771058,9,9
spend,3.878617711,8,9
scamp,3.885097192,8,9
flown,3.904103672,8,9
mulch,3.907991361,7,9
block,3.910151188,8,9
spool,3.91663067,9,9
repel,3.94600432,8,9
spilt,3.752483801,9,10
tramp,3.757235421,8,10
blast,3.787904968,8,10
frost,3.790928726,9,10
blond,3.801727862,8,10
scrap,3.804319654,9,10
stamp,3.825485961,8,10
pansy,3.845356371,8,10
trawl,3.853563715,8,10
candy,3.870410367,9,10
gulch,3.889416847,9,10
belch,3.896328294,8,10
sloop,3.899784017,9,10
scrum,3.900647948,9,10
clump,3.938660907,7,10
canal,3.945140389,8,10
black,3.955075594,8,10
whelp,3.976241901,8,10
sleep,3.986609071,8,10
basal,3.990064795,8,10
trash,3.742980562,8,11
stole,3.761555076,8,11
plant,3.763714903,8,11
chase,3.771490281,8,11
paler,3.774082073,9,11
spare,3.781425486,8,11
modal,3.781857451,9,11
crept,3.790064795,8,11
scour,3.799568035,8,11
spurt,3.801295896,9,11
tipsy,3.801727862,8,11
trump,3.817278618,8,11
stalk,3.818574514,8,11
croup,3.81987041,8,11
bluer,3.825053996,8,11
dutch,3.831965443,8,11
sharp,3.833693305,9,11
depth,3.847948164,8,11
badly,3.859179266,8,11
bland,3.860043197,8,11
scald,3.866522678,8,11
crawl,3.873434125,9,11
spark,3.889848812,8,11
crush,3.895464363,8,11
scowl,3.898056156,8,11
blown,3.899352052,8,11
shawl,3.909719222,8,11
flock,3.912311015,8,11
spill,3.933909287,9,11
nymph,3.953779698,8,11
plump,4.010367171,8,11
bleep,4.044924406,8,11
stale,3.723974082,8,12
lapse,3.733909287,9,12
coral,3.738228942,8,12
polar,3.738228942,9,12
close,3.750323974,8,12
plait,3.766306695,9,12
pilot,3.77062635,9,12
penal,3.781857451,8,12
tumor,3.782289417,8,12
caper,3.78488121,8,12
shalt,3.791792657,8,12
copse,3.794816415,8,12
patsy,3.801727862,8,12
nomad,3.801727862,8,12
scope,3.80475162,8,12
sloth,3.805615551,8,12
storm,3.806911447,8,12
spear,3.80950324,8,12
crust,3.811663067,8,12
clued,3.815550756,9,12
prong,3.820302376,8,12
model,3.822894168,8,12
smote,3.82462203,8,12
crisp,3.82937365,9,12
spiny,3.835421166,9,12
north,3.837149028,8,12
pedal,3.844492441,8,12
plead,3.846652268,8,12
raspy,3.847948164,9,12
manly,3.84924406,8,12
ranch,3.850971922,8,12
pasty,3.854427646,8,12
perch,3.855291577,8,12
scold,3.856155508,8,12
spray,3.856155508,9,12
worst,3.857883369,8,12
brash,3.859611231,7,12
poser,3.861339093,8,12
lumpy,3.862203024,8,12
plunk,3.882073434,8,12
froth,3.88336933,8,12
scrub,3.89762419,9,12
forth,3.901511879,8,12
dumpy,3.906695464,7,12
swarm,3.909719222,8,12
bylaw,3.918790497,8,12
crump,3.922678186,8,12
comfy,3.922678186,8,12
crumb,3.943412527,7,12
fancy,3.961555076,8,12
creep,3.964578834,9,12
flack,3.987473002,8,12
pluck,3.988336933,8,12
folly,4.001727862,8,12
slate,3.682937365,8,13
crate,3.687257019,8,13
trace,3.693304536,8,13
cater,3.738660907,9,13
tapir,3.748164147,9,13
sonar,3.754643629,8,13
carol,3.755075594,9,13
spiel,3.755507559,9,13
plier,3.76112311,9,13
caste,3.768466523,8,13
crest,3.769762419,9,13
party,3.771490281,8,13
strap,3.773650108,9,13
plate,3.774082073,9,13
satyr,3.774946004,8,13
sadly,3.779697624,8,13
short,3.786609071,8,13
prose,3.79049676,8,13
slang,3.798272138,8,13
spore,3.799568035,8,13
glade,3.800863931,9,13
shade,3.808207343,8,13
blade,3.813822894,8,13
brunt,3.81511879,8,13
tuber,3.818142549,8,13
stomp,3.819438445,8,13
broth,3.819438445,9,13
wrist,3.825485961,8,13
thorn,3.825917927,8,13
slimy,3.828077754,8,13
claim,3.834989201,9,13
stoic,3.837580994,8,13
clown,3.845788337,8,13
crowd,3.847516199,9,13
shame,3.84924406,8,13
scram,3.84924406,8,13
syrup,3.852699784,9,13
harpy,3.853563715,9,13
bonus,3.85399568,8,13
tempo,3.85399568,8,13
spoke,3.8587473,7,13
dimly,3.859611231,8,13
amble,3.866522678,8,13
madly,3.869978402,8,13
fecal,3.878617711,9,13
prawn,3.879049676,8,13
filth,3.879049676,8,13
ghost,3.879049676,9,13
spurn,3.8825054,9,13
lunch,3.887688985,8,13
gleam,3.88812095,8,13
chirp,3.890280778,9,13
rumba,3.890712743,8,13
threw,3.897192225,8,13
handy,3.898920086,9,13
graph,3.899784017,9,13
child,3.900215983,9,13
shaft,3.903671706,8,13
brown,3.905399568,8,13
climb,3.910151188,9,13
musty,3.910583153,8,13
drawl,3.916198704,8,13
chasm,3.922678186,7,13
pudgy,3.923542117,9,13
blank,3.923974082,8,13
spicy,3.924406048,10,13
lefty,3.933045356,8,13
crepe,3.947300216,8,13
bunch,3.95637149,8,13
femur,3.971058315,9,13
floss,3.987041037,8,13
smell,4.006911447,8,13
jumpy,4.050539957,8,13
speed,4.051403888,8,13
bless,4.069978402,8,13
table,3.735637149,8,14
plane,3.741684665,9,14
sport,3.748164147,9,14
prone,3.760691145,8,14
steal,3.77062635,9,14
pleat,3.774946004,9,14
FALSE,3.777105832,8,14
parse,3.779265659,8,14
haste,3.780561555,8,14
front,3.780993521,9,14
motel,3.782721382,8,14
tamer,3.785313175,9,14
lathe,3.786177106,8,14
petal,3.791360691,9,14
pulse,3.795680346,9,14
slide,3.798704104,8,14
blame,3.803455724,8,14
randy,3.80475162,8,14
draft,3.806047516,9,14
adopt,3.807775378,9,14
rifle,3.811663067,8,14
rapid,3.812526998,9,14
clean,3.816846652,8,14
recap,3.817710583,8,14
plain,3.818142549,8,14
cloud,3.822462203,9,14
solid,3.822894168,8,14
spied,3.822894168,8,14
fetal,3.825917927,8,14
aptly,3.826349892,8,14
wrath,3.831965443,8,14
truly,3.832829374,8,14
blind,3.833261339,8,14
marsh,3.834989201,8,14
sandy,3.835421166,8,14
blurt,3.835853132,8,14
crude,3.837149028,8,14
lousy,3.842764579,8,14
focal,3.847084233,8,14
album,3.847516199,8,14
pound,3.847516199,9,14
peach,3.84838013,8,14
vapor,3.849676026,8,14
flour,3.849676026,8,14
burst,3.852267819,8,14
medal,3.857019438,8,14
erupt,3.862634989,9,14
thrum,3.86349892,8,14
adept,3.863930886,8,14
doubt,3.864362851,8,14
demon,3.864794816,8,14
lemur,3.87775378,8,14
slump,3.888984881,8,14
chafe,3.889416847,8,14
blend,3.889848812,8,14
befit,3.890280778,8,14
drawn,3.890712743,8,14
flask,3.896760259,8,14
prank,3.898056156,8,14
beach,3.900647948,8,14
chord,3.903239741,9,14
beady,3.905399568,9,14
dwelt,3.91187905,8,14
ditch,3.912742981,10,14
sperm,3.914038877,8,14
flung,3.917062635,8,14
lower,3.917926566,8,14
basic,3.919222462,8,14
filmy,3.923974082,8,14
screw,3.923974082,8,14
mangy,3.926565875,8,14
truck,3.929589633,8,14
swept,3.934341253,8,14
bused,3.940388769,8,14
salad,3.943412527,8,14
flunk,3.94600432,8,14
fetch,3.968898488,8,14
leper,3.969762419,9,14
cheer,3.982289417,8,14
small,3.984017279,9,14
patty,3.987041037,10,14
thump,3.989632829,9,14
putty,4.012958963,8,14
sheep,4.01511879,9,14
spoof,4.019438445,9,14
smock,4.028941685,8,14
cabal,4.035421166,8,14
pygmy,4.1174946,9,14
least,3.715334773,9,15
scale,3.740388769,9,15
trope,3.746436285,9,15
later,3.752915767,9,15
timer,3.755075594,8,15
taper,3.759395248,9,15
place,3.768898488,8,15
solar,3.773218143,8,15
aisle,3.775809935,9,15
risen,3.779265659,8,15
drape,3.779265659,8,15
print,3.781425486,9,15
cause,3.781857451,9,15
siren,3.787904968,8,15
tardy,3.788768898,8,15
leapt,3.791360691,9,15
spire,3.792656587,9,15
space,3.796112311,9,15
float,3.796976242,9,15
strip,3.798704104,8,15
clout,3.798704104,9,15
posit,3.801727862,9,15
tepid,3.803023758,9,15
boast,3.806047516,8,15
prude,3.80950324,9,15
trend,3.80950324,9,15
snarl,3.811231102,8,15
shape,3.811231102,9,15
dance,3.81511879,9,15
stand,3.815982721,9,15
idler,3.816846652,9,15
refit,3.818574514,9,15
spout,3.819438445,8,15
labor,3.827645788,8,15
scout,3.828509719,9,15
frond,3.830669546,8,15
sober,3.831101512,8,15
filer,3.832397408,8,15
shard,3.833261339,9,15
cloak,3.83412527,8,15
tulip,3.834989201,8,15
octal,3.836717063,10,15
payer,3.838012959,8,15
filet,3.839740821,8,15
morph,3.841900648,8,15
slurp,3.841900648,10,15
march,3.844060475,8,15
coupe,3.844060475,8,15
after,3.847948164,9,15
wrest,3.851403888,8,15
third,3.85399568,8,15
shied,3.859179266,8,15
cramp,3.86825054,8,15
swear,3.868682505,9,15
nobly,3.870842333,8,15
scarf,3.872138229,8,15
polka,3.87300216,8,15
chest,3.874730022,8,15
mural,3.875593952,8,15
sower,3.876025918,8,15
crank,3.876889849,8,15
tubal,3.876889849,8,15
bagel,3.879049676,8,15
sepia,3.881641469,8,15
godly,3.881641469,9,15
phony,3.8825054,10,15
balmy,3.884665227,8,15
lynch,3.885097192,8,15
shave,3.885097192,9,15
denim,3.891144708,8,15
cling,3.892440605,9,15
slack,3.895464363,9,15
smith,3.897192225,8,15
blimp,3.898920086,9,15
demur,3.905399568,9,15
condo,3.911015119,9,15
altar,3.912742981,9,15
blush,3.924406048,8,15
limbo,3.928725702,8,15
these,3.929157667,8,15
steel,3.932613391,9,15
stump,3.935205184,8,15
brawl,3.937365011,8,15
butch,3.942980562,8,15
cumin,3.950323974,8,15
lymph,3.971490281,8,15
tryst,3.971922246,8,15
flick,3.972354212,9,15
sheen,3.974946004,8,15
elder,3.982289417,9,15
slash,3.99049676,8,15
dandy,3.99049676,9,15
pulpy,4.011231102,9,15
lipid,4.015982721,9,15
apply,4.016414687,8,15
flaky,4.024190065,8,15
awful,4.083801296,8,15
lance,3.735205184,9,16
stair,3.749460043,9,16
pearl,3.749460043,9,16
trail,3.75075594,10,16
moral,3.774514039,8,16
beast,3.775809935,8,16
smart,3.776241901,8,16
bleat,3.777969762,8,16
cleat,3.777969762,9,16
grant,3.783585313,9,16
spent,3.78574514,8,16
manor,3.787041037,7,16
stony,3.789632829,9,16
louse,3.791360691,8,16
cider,3.793088553,9,16
count,3.794384449,9,16
snail,3.796544276,8,16
grape,3.796976242,8,16
leash,3.797408207,9,16
panel,3.798704104,8,16
scant,3.799568035,9,16
flint,3.8,8,16
phase,3.800431965,9,16
salty,3.803887689,8,16
cable,3.804319654,8,16
camel,3.80475162,8,16
setup,3.805183585,9,16
baste,3.807343413,8,16
hater,3.811231102,8,16
chart,3.811231102,9,16
aloft,3.815550756,9,16
peril,3.821598272,9,16
blunt,3.822462203,8,16
synod,3.823758099,9,16
loser,3.824190065,8,16
moult,3.82462203,8,16
flirt,3.827645788,8,16
super,3.831965443,9,16
forte,3.833693305,9,16
scent,3.834989201,8,16
lager,3.836285097,8,16
salve,3.836285097,8,16
eclat,3.836285097,9,16
spade,3.836285097,9,16
proud,3.836285097,10,16
flout,3.836717063,8,16
shunt,3.836717063,8,16
enact,3.837580994,9,16
glint,3.841468683,9,16
probe,3.842764579,8,16
smear,3.843196544,8,16
debit,3.84362851,8,16
straw,3.844492441,8,16
waste,3.845788337,8,16
could,3.848812095,9,16
drown,3.84924406,8,16
tango,3.850107991,8,16
throb,3.852699784,9,16
towel,3.8587473,8,16
botch,3.8587473,8,16
flair,3.861339093,8,16
gipsy,3.861339093,9,16
sound,3.862203024,8,16
south,3.866522678,9,16
worse,3.870410367,8,16
build,3.871274298,9,16
worth,3.873434125,8,16
bring,3.875593952,8,16
prism,3.876025918,8,16
lusty,3.87775378,8,16
depot,3.879913607,8,16
locus,3.880777538,8,16
lucid,3.880777538,9,16
facet,3.881641469,8,16
disco,3.885529158,8,16
brush,3.885529158,8,16
sleet,3.885529158,9,16
panic,3.887688985,8,16
slink,3.887688985,8,16
lofty,3.888552916,9,16
tangy,3.890712743,8,16
fling,3.890712743,9,16
crimp,3.892008639,9,16
hasty,3.892008639,9,16
medic,3.892440605,9,16
slung,3.894600432,8,16
leafy,3.894600432,8,16
pouch,3.896328294,8,16
caput,3.898056156,9,16
mango,3.898920086,8,16
bowel,3.899352052,8,16
windy,3.899784017,8,16
width,3.901079914,9,16
downy,3.909287257,8,16
mocha,3.910151188,9,16
pithy,3.911447084,10,16
heady,3.91663067,9,16
spank,3.917926566,8,16
cheap,3.918790497,9,16
poker,3.921382289,8,16
clink,3.926565875,9,16
shady,3.928293737,10,16
frank,3.929157667,8,16
shown,3.934341253,8,16
spunk,3.935637149,8,16
bawdy,3.936069114,8,16
rehab,3.936933045,8,16
betel,3.936933045,8,16
fresh,3.938228942,8,16
wharf,3.938660907,8,16
shock,3.939524838,9,16
shrew,3.944276458,8,16
flush,3.944708423,8,16
prick,3.951187905,10,16
trust,3.954643629,8,16
tally,3.954643629,9,16
flume,3.955939525,8,16
wench,3.956803456,8,16
duchy,3.956803456,10,16
wafer,3.958963283,9,16
booth,3.963282937,8,16
aphid,3.964146868,10,16
spawn,3.976241901,8,16
glass,3.976673866,8,16
blood,3.982721382,8,16
sneer,3.985313175,8,16
paddy,3.991792657,8,16
mucky,3.992656587,8,16
glyph,3.993952484,9,16
brass,3.994384449,8,16
swami,3.994384449,8,16
thumb,4.011663067,9,16
fleck,4.01425486,8,16
spell,4.019438445,9,16
defer,4.031101512,9,16
cynic,4.033693305,9,16
shell,4.034989201,8,16
humph,4.088552916,8,16
sweep,4.100215983,9,16
alter,3.73174946,9,17
slant,3.742116631,8,17
stare,3.749460043,9,17
slice,3.753347732,9,17
minor,3.755939525,8,17
dealt,3.75637149,9,17
roast,3.768034557,9,17
coast,3.774514039,9,17
canoe,3.774946004,9,17
actor,3.776673866,9,17
smile,3.778833693,8,17
molar,3.780993521,8,17
heart,3.787904968,8,17
bloat,3.789632829,8,17
slain,3.791360691,8,17
smite,3.796544276,8,17
first,3.799568035,9,17
retch,3.805183585,8,17
shoal,3.807775378,9,17
earth,3.808207343,8,17
story,3.80950324,9,17
cadet,3.81511879,9,17
poise,3.817710583,9,17
stern,3.818574514,9,17
plaid,3.819438445,8,17
curse,3.819438445,8,17
onset,3.821166307,9,17
leach,3.822030238,8,17
prune,3.822462203,8,17
pecan,3.82462203,8,17
yeast,3.828941685,8,17
ripen,3.828941685,8,17
baler,3.831101512,8,17
plied,3.832397408,9,17
shear,3.83887689,8,17
reach,3.83887689,8,17
miser,3.840172786,8,17
grail,3.840604752,8,17
chard,3.841036717,9,17
maple,3.841900648,9,17
brand,3.850971922,8,17
flute,3.853563715,8,17
frail,3.854427646,8,17
bacon,3.854859611,8,17
harem,3.856155508,7,17
bound,3.860043197,8,17
stork,3.860907127,9,17
ample,3.862203024,9,17
tower,3.867818575,8,17
chaos,3.873434125,8,17
chute,3.874730022,9,17
cower,3.876025918,8,17
shout,3.879049676,9,17
abhor,3.879049676,9,17
wiser,3.885529158,8,17
field,3.886393089,8,17
group,3.88812095,8,17
whale,3.888552916,8,17
hardy,3.888552916,9,17
plank,3.888984881,7,17
drank,3.890280778,8,17
cabin,3.893304536,8,17
thong,3.893304536,8,17
fable,3.895032397,8,17
minty,3.896760259,8,17
pitch,3.899784017,10,17
forum,3.900647948,8,17
apart,3.901943844,9,17
clung,3.902807775,9,17
bench,3.910151188,8,17
stall,3.914038877,8,17
frown,3.914470842,8,17
cavil,3.918358531,9,17
swift,3.920950324,8,17
slick,3.925701944,9,17
flyer,3.929157667,9,17
meter,3.930453564,8,17
dusty,3.932613391,9,17
faith,3.933045356,9,17
epoch,3.935205184,8,17
cagey,3.939524838,9,17
rumor,3.942980562,8,17
wispy,3.946436285,8,17
flank,3.947732181,8,17
bleak,3.95637149,8,17
elect,3.957667387,9,17
magic,3.958531317,9,17
crass,3.962419006,8,17
beret,3.963282937,8,17
frisk,3.967602592,8,17
pence,3.967602592,8,17
snoop,3.976673866,8,17
shall,3.980561555,9,17
spoon,3.981425486,8,17
dwarf,3.982289417,9,17
truss,3.986609071,8,17
skimp,3.993088553,9,17
semen,4.010367171,8,17
banal,4.018142549,8,17
folio,4.044492441,8,17
clock,4.049676026,8,17
belly,4.056587473,8,17
whoop,4.072138229,10,17
scoff,4.13650108,8,17
spite,3.739092873,9,18
react,3.739956803,9,18
tripe,3.751187905,8,18
shale,3.756803456,9,18
truce,3.761987041,9,18
tilde,3.76587473,9,18
slime,3.777105832,8,18
paste,3.783153348,8,18
sauce,3.786177106,9,18
price,3.787041037,9,18
snort,3.787473002,9,18
stray,3.792224622,9,18
saner,3.792656587,8,18
since,3.794816415,8,18
realm,3.796976242,9,18
feast,3.797840173,9,18
shone,3.8,8,18
salon,3.800431965,8,18
metal,3.804319654,8,18
farce,3.807775378,8,18
spice,3.807775378,9,18
their,3.809935205,9,18
store,3.810367171,9,18
pause,3.810367171,9,18
daily,3.817710583,9,18
chose,3.818574514,8,18
grade,3.819006479,8,18
graft,3.822030238,9,18
purse,3.824190065,9,18
those,3.826349892,8,18
cobra,3.828077754,8,18
aside,3.828941685,8,18
ramen,3.831533477,8,18
touch,3.831533477,9,18
cedar,3.837149028,8,18
topic,3.838012959,8,18
laden,3.844924406,9,18
rusty,3.846220302,9,18
flier,3.847516199,8,18
comet,3.847948164,9,18
mound,3.84838013,8,18
boule,3.84838013,8,18
scorn,3.84924406,8,18
debar,3.850539957,9,18
lodge,3.851403888,9,18
track,3.852267819,9,18
phone,3.853131749,7,18
upset,3.853131749,8,18
noble,3.854859611,8,18
reply,3.857451404,9,18
torch,3.860475162,8,18
flame,3.860475162,8,18
water,3.862634989,8,18
guild,3.865226782,9,18
mouth,3.867386609,9,18
safer,3.871706263,8,18
cargo,3.872570194,8,18
porch,3.876025918,8,18
swing,3.876025918,9,18
dough,3.876457883,10,18
amity,3.879049676,10,18
nasty,3.879913607,8,18
midst,3.884665227,8,18
sight,3.887688985,9,18
motor,3.891576674,8,18
forty,3.89287257,9,18
whose,3.893304536,8,18
throw,3.899784017,8,18
shark,3.900647948,9,18
dowel,3.901943844,8,18
plume,3.904103672,8,18
thief,3.904103672,8,18
debut,3.910583153,8,18
bicep,3.914902808,8,18
lanky,3.917062635,8,18
snowy,3.921382289,9,18
shrug,3.92224622,8,18
bingo,3.923542117,9,18
rowdy,3.924838013,8,18
ghoul,3.930021598,9,18
silky,3.930453564,8,18
twang,3.932613391,8,18
motif,3.939956803,8,18
welsh,3.939956803,8,18
hyper,3.943844492,8,18
shift,3.947300216,8,18
toast,3.949028078,9,18
drama,3.952051836,8,18
pasta,3.955075594,8,18
foamy,3.955507559,8,18
beset,3.957235421,8,18
fiend,3.958099352,9,18
fleet,3.958963283,8,18
parry,3.961555076,8,18
three,3.965010799,8,18
chalk,3.965010799,9,18
floor,3.969330454,8,18
wrack,3.975809935,8,18
sheik,3.980993521,8,18
shoot,3.982289417,9,18
boost,3.983153348,8,18
focus,3.984017279,8,18
class,3.98488121,9,18
pooch,3.992224622,8,18
dally,3.996112311,9,18
rupee,4.003887689,9,18
speck,4.00475162,9,18
frock,4.012958963,8,18
rebel,4.013390929,9,18
knock,4.017278618,8,18
dully,4.020302376,9,18
truth,4.025053996,8,18
batty,4.037149028,9,18
bitty,4.075593952,10,18
dusky,4.081209503,8,18
cliff,4.08336933,9,18
jumbo,4.088984881,8,18
cabby,4.100215983,8,18
cluck,4.159395248,9,18
trade,3.723110151,9,19
trice,3.732181425,8,19
leant,3.761555076,10,19
raise,3.776241901,9,19
talon,3.78012959,9,19
scone,3.780561555,8,19
clear,3.783153348,9,19
gloat,3.78488121,9,19
scare,3.787473002,8,19
merit,3.788768898,8,19
artsy,3.791360691,8,19
satin,3.793952484,8,19
teach,3.800863931,8,19
guilt,3.802159827,9,19
apron,3.803887689,8,19
cried,3.803887689,8,19
tidal,3.807343413,9,19
grunt,3.814686825,9,19
crony,3.815550756,8,19
burnt,3.815982721,8,19
pride,3.817710583,8,19
corny,3.818142549,8,19
credo,3.818574514,8,19
score,3.822894168,8,19
horse,3.822894168,8,19
abode,3.825053996,8,19
feral,3.827645788,8,19
hoist,3.828509719,9,19
slave,3.834557235,8,19
sedan,3.834557235,8,19
adobe,3.836285097,8,19
stark,3.839740821,9,19
staid,3.840604752,9,19
sling,3.842332613,8,19
delta,3.845356371,9,19
force,3.846220302,8,19
grand,3.847516199,9,19
stead,3.848812095,9,19
waist,3.850107991,9,19
berth,3.855291577,8,19
dingy,3.8587473,9,19
decal,3.861771058,9,19
decor,3.863930886,9,19
scary,3.867386609,8,19
twice,3.869114471,8,19
woman,3.870410367,8,19
stave,3.878185745,9,19
sweat,3.878617711,8,19
chant,3.880777538,9,19
month,3.881209503,8,19
sprig,3.881641469,8,19
roach,3.8825054,8,19
fault,3.882937365,8,19
tough,3.882937365,9,19
ankle,3.884233261,9,19
wider,3.884665227,9,19
mogul,3.885961123,8,19
globe,3.886825054,8,19
lurch,3.88812095,8,19
vocal,3.890280778,10,19
birth,3.891576674,9,19
notch,3.89287257,8,19
sting,3.893304536,9,19
moldy,3.893304536,9,19
shrub,3.898920086,9,19
vinyl,3.898920086,9,19
soapy,3.901079914,9,19
often,3.901511879,9,19
fiber,3.902807775,8,19
impel,3.904103672,8,19
troop,3.904535637,9,19
unmet,3.905831533,8,19
admin,3.906263499,8,19
fibre,3.906695464,8,19
ombre,3.907559395,8,19
trick,3.908423326,9,19
decoy,3.908423326,9,19
input,3.911015119,10,19
raven,3.914038877,8,19
trunk,3.915334773,8,19
swirl,3.9174946,8,19
sword,3.919222462,8,19
tract,3.921814255,9,19
savoy,3.927861771,8,19
gusty,3.927861771,9,19
whole,3.933045356,8,19
vapid,3.933909287,8,19
abled,3.934773218,8,19
match,3.934773218,8,19
bough,3.944708423,10,19
ratty,3.946868251,8,19
study,3.946868251,9,19
habit,3.946868251,10,19
rugby,3.95075594,9,19
shank,3.951187905,9,19
droop,3.952051836,10,19
music,3.961987041,8,19
roost,3.965010799,9,19
gavel,3.96587473,9,19
cross,3.971922246,8,19
stock,3.973218143,9,19
gumbo,3.973650108,9,19
lucky,3.977537797,9,19
endow,3.977969762,8,19
sally,3.98488121,8,19
steep,3.985313175,8,19
elbow,3.990064795,8,19
pinky,4.003455724,8,19
loopy,4.006911447,8,19
furor,4.008207343,8,19
scuba,4.009935205,9,19
hence,4.014686825,8,19
idyll,4.018142549,9,19
proof,4.02937365,9,19
pesky,4.037580994,8,19
polyp,4.039308855,8,19
missy,4.040172786,8,19
revel,4.041036717,8,19
picky,4.053563715,8,19
lobby,4.074730022,8,19
muddy,4.078185745,8,19
swoop,4.0825054,8,19
alpha,4.087257019,9,19
dummy,4.097192225,8,19
elegy,4.118358531,8,19
snuff,4.134773218,8,19
droit,3.739956803,10,20
tread,3.765442765,9,20
renal,3.771490281,8,20
rinse,3.786609071,8,20
snore,3.787041037,8,20
heist,3.789200864,8,20
snare,3.794384449,8,20
broil,3.797840173,8,20
share,3.798704104,8,20
nadir,3.799136069,8,20
orbit,3.8,9,20
brace,3.807343413,8,20
large,3.80950324,8,20
arson,3.811231102,8,20
spine,3.811231102,8,20
stage,3.818142549,9,20
borne,3.822030238,8,20
shorn,3.82462203,8,20
shine,3.825917927,8,20
chair,3.825917927,9,20
sonic,3.826349892,8,20
tonic,3.827645788,9,20
death,3.828941685,9,20
lithe,3.831101512,8,20
carve,3.833693305,8,20
align,3.833693305,9,20
valor,3.838012959,8,20
shore,3.838444924,8,20
angle,3.83887689,9,20
acute,3.844492441,9,20
frame,3.845788337,8,20
charm,3.850107991,8,20
drift,3.859179266,9,20
dunce,3.860907127,9,20
fruit,3.861771058,9,20
glean,3.862203024,9,20
bathe,3.863930886,9,20
heard,3.865226782,8,20
salvo,3.869546436,9,20
purge,3.872570194,8,20
steam,3.872570194,8,20
decry,3.875161987,10,20
lingo,3.876025918,8,20
taker,3.876457883,8,20
amuse,3.878617711,8,20
email,3.878617711,8,20
golem,3.879913607,8,20
tease,3.879913607,9,20
chide,3.880345572,9,20
mange,3.882937365,8,20
solve,3.887257019,8,20
cyber,3.887688985,8,20
bison,3.88812095,9,20
found,3.889848812,8,20
cameo,3.891576674,8,20
latch,3.891576674,9,20
ulcer,3.893736501,9,20
world,3.895896328,8,20
swore,3.897192225,8,20
primo,3.897192225,9,20
dopey,3.900215983,8,20
chime,3.900215983,8,20
sigma,3.900647948,8,20
gnash,3.905399568,8,20
yield,3.906263499,9,20
favor,3.906695464,8,20
reset,3.907559395,9,20
nosey,3.910151188,9,20
felon,3.913606911,8,20
badge,3.913606911,9,20
aping,3.913606911,9,20
colon,3.921814255,9,20
batch,3.92224622,8,20
elfin,3.928293737,9,20
tying,3.931317495,9,20
knelt,3.93650108,10,20
halve,3.937365011,8,20
duvet,3.937365011,9,20
pouty,3.940388769,9,20
slunk,3.9412527,8,20
youth,3.943412527,8,20
swath,3.94600432,8,20
logic,3.946868251,9,20
sneak,3.949028078,9,20
silly,3.956803456,8,20
below,3.965442765,8,20
sheet,3.966738661,8,20
surer,3.967170626,9,20
steer,3.969762419,9,20
sooth,3.97062635,9,20
abase,3.971490281,9,20
witch,3.972354212,9,20
whiny,3.973650108,8,20
yacht,3.974946004,10,20
blaze,3.975809935,8,20
creme,3.979265659,8,20
torso,3.980561555,9,20
parer,3.984449244,8,20
swung,3.98488121,8,20
rally,3.98488121,8,20
posse,3.985313175,8,20
spree,3.990928726,9,20
ruler,3.991360691,8,20
hefty,3.993952484,8,20
dilly,3.997840173,8,20
howdy,4.001295896,9,20
smack,4.003455724,8,20
detox,4.003455724,9,20
ficus,4.006479482,9,20
tasty,4.006911447,8,20
purer,4.008207343,9,20
pupal,4.016414687,9,20
photo,4.016846652,11,20
waltz,4.017710583,8,20
ether,4.032829374,9,20
bleed,4.034989201,8,20
moody,4.040604752,8,20
press,4.041036717,9,20
adapt,4.041900648,8,20
dryly,4.046652268,9,20
flail,4.048812095,9,20
tabby,4.049676026,9,20
lupus,4.050107991,10,20
fanny,4.060043197,8,20
seven,4.060043197,8,20
bossy,4.062634989,8,20
sappy,4.064794816,9,20
smash,4.073866091,8,20
nutty,4.084233261,9,20
baggy,4.085097192,10,20
buddy,4.092008639,8,20
clack,4.10237581,9,20
swell,4.121814255,8,20
puffy,4.130021598,8,20
stuff,4.140388769,9,20
refer,4.156803456,9,20
whiff,4.166306695,8,20
grate,3.739956803,9,21
tried,3.747300216,9,21
trial,3.759395248,10,21
irate,3.763282937,9,21
tenor,3.763714903,9,21
stone,3.775809935,9,21
gonad,3.806479482,9,21
clone,3.806911447,9,21
snipe,3.80950324,8,21
court,3.810367171,9,21
grope,3.812526998,8,21
pried,3.820302376,8,21
moist,3.822462203,9,21
liner,3.825917927,8,21
prime,3.831533477,8,21
nicer,3.831533477,9,21
meant,3.833693305,8,21
gripe,3.836285097,8,21
abort,3.836285097,8,21
older,3.83887689,9,21
angel,3.839740821,9,21
snide,3.842332613,9,21
repay,3.842764579,9,21
torus,3.842764579,9,21
layer,3.843196544,8,21
macro,3.844060475,8,21
metro,3.844060475,8,21
hoard,3.845356371,9,21
valet,3.847084233,9,21
login,3.84924406,9,21
curly,3.852267819,8,21
grind,3.853131749,8,21
baron,3.853131749,9,21
wrote,3.85399568,9,21
hotel,3.860043197,8,21
patio,3.863066955,9,21
snake,3.863930886,9,21
foist,3.865226782,9,21
drink,3.86825054,8,21
mason,3.869114471,8,21
edict,3.869546436,9,21
pesto,3.870410367,9,21
foray,3.871274298,9,21
abuse,3.871274298,9,21
cheat,3.872138229,9,21
begat,3.87300216,9,21
wrong,3.873866091,8,21
sworn,3.875593952,8,21
surge,3.878185745,8,21
spike,3.889416847,9,21
mirth,3.889848812,8,21
image,3.889848812,8,21
dying,3.891144708,9,21
bilge,3.892008639,8,21
skier,3.893304536,9,21
patch,3.893736501,8,21
adult,3.893736501,9,21
china,3.894168467,9,21
wound,3.894600432,8,21
burly,3.901511879,8,21
gusto,3.901511879,9,21
crown,3.901943844,8,21
bigot,3.90237581,10,21
basin,3.902807775,9,21
guard,3.902807775,10,21
rhyme,3.905831533,8,21
wield,3.905831533,9,21
drunk,3.90712743,8,21
wring,3.909287257,8,21
power,3.910583153,8,21
gaily,3.91187905,9,21
churn,3.912311015,8,21
girth,3.912742981,9,21
vital,3.912742981,10,21
cough,3.919222462,10,21
homer,3.921382289,8,21
manic,3.922678186,8,21
taste,3.922678186,8,21
stack,3.923110151,9,21
wordy,3.923974082,8,21
dowry,3.924406048,8,21
visor,3.926133909,9,21
tutor,3.929589633,9,21
poesy,3.936069114,8,21
tawny,3.938660907,8,21
gamut,3.941684665,9,21
incur,3.949028078,8,21
light,3.95161987,9,21
carat,3.952051836,9,21
would,3.955939525,8,21
budge,3.959395248,9,21
thank,3.963282937,8,21
limit,3.964578834,8,21
brawn,3.965442765,8,21
unfed,3.968034557,10,21
stoop,3.968898488,9,21
speak,3.969762419,9,21
vouch,3.973650108,9,21
local,3.974082073,9,21
watch,3.974946004,8,21
might,3.97537797,9,21
snaky,3.976241901,8,21
comic,3.977105832,8,21
usher,3.977537797,8,21
fudge,3.981857451,10,21
empty,3.986609071,7,21
fight,3.991360691,9,21
waver,3.991792657,8,21
harsh,3.992224622,8,21
masse,3.996544276,9,21
weigh,3.996976242,9,21
risky,3.999136069,8,21
preen,3.999568035,9,21
spiky,4.012958963,10,21
bushy,4.017278618,9,21
scoop,4.022894168,9,21
tenth,4.030237581,8,21
wight,4.033693305,9,21
broom,4.036717063,9,21
usurp,4.040604752,10,21
caddy,4.041036717,9,21
agape,4.042332613,9,21
wimpy,4.056155508,9,21
swill,4.064794816,8,21
catty,4.075161987,10,21
sleek,4.082073434,9,21
chock,4.093304536,10,21
uncut,4.102807775,9,21
staff,4.11663067,9,21
cubic,4.138660907,9,21
crane,3.734341253,8,22
alert,3.734773218,10,22
blare,3.766306695,8,22
remit,3.779697624,8,22
teary,3.789200864,9,22
crime,3.798272138,8,22
islet,3.799136069,8,22
diner,3.799136069,9,22
ultra,3.808639309,9,22
glare,3.812095032,8,22
until,3.81425486,9,22
donut,3.81425486,9,22
shire,3.817710583,8,22
snout,3.825485961,9,22
recut,3.825917927,9,22
mount,3.826349892,8,22
broad,3.827213823,8,22
shirt,3.831533477,8,22
unset,3.831533477,9,22
choir,3.831533477,9,22
flora,3.832829374,9,22
mourn,3.838012959,8,22
cutie,3.838012959,9,22
dirge,3.841036717,9,22
antic,3.841900648,9,22
braid,3.84362851,8,22
cruel,3.846652268,9,22
rouse,3.848812095,8,22
early,3.851403888,8,22
rivet,3.851835853,9,22
cigar,3.853563715,9,22
cream,3.85399568,8,22
house,3.854859611,8,22
agent,3.854859611,9,22
humor,3.856587473,8,22
pinto,3.856587473,9,22
ascot,3.856587473,9,22
regal,3.861339093,8,22
donor,3.86349892,9,22
mealy,3.863930886,8,22
loath,3.865226782,9,22
sugar,3.867386609,8,22
fetid,3.868682505,8,22
tonga,3.869114471,9,22
hound,3.871706263,9,22
loamy,3.873434125,8,22
skate,3.874730022,9,22
twine,3.876889849,9,22
buyer,3.8825054,8,22
elate,3.885529158,9,22
prove,3.889848812,9,22
twirl,3.893304536,9,22
glide,3.894168467,9,22
grown,3.895032397,8,22
serif,3.895464363,8,22
sinew,3.895896328,8,22
usage,3.898920086,8,22
lumen,3.901511879,8,22
hotly,3.902807775,9,22
ingot,3.904103672,9,22
piano,3.905399568,8,22
growl,3.908855292,8,22
smoke,3.911447084,8,22
infer,3.911447084,9,22
diver,3.913174946,9,22
shake,3.915766739,9,22
troll,3.916198704,10,22
wagon,3.918358531,8,22
covet,3.92224622,8,22
flake,3.922678186,8,22
fraud,3.923974082,9,22
matey,3.924838013,8,22
wrung,3.925701944,8,22
gravy,3.92699784,9,22
shove,3.928725702,9,22
state,3.932181425,9,22
viper,3.935637149,9,22
aglow,3.937365011,8,22
amber,3.939092873,8,22
movie,3.939524838,8,22
anvil,3.9412527,9,22
vomit,3.942116631,8,22
wager,3.942116631,9,22
newly,3.945140389,8,22
privy,3.945140389,10,22
sumac,3.946436285,8,22
stink,3.946868251,9,22
macho,3.953347732,9,22
birch,3.956803456,9,22
robot,3.957667387,8,22
loose,3.958531317,8,22
fishy,3.962850972,9,22
brisk,3.964578834,8,22
peace,3.965010799,9,22
elope,3.973650108,8,22
umbra,3.974082073,8,22
vodka,3.976241901,9,22
riper,3.976241901,9,22
strut,3.982289417,9,22
dross,3.983153348,9,22
tacky,3.985313175,9,22
vista,3.99049676,9,22
think,3.990928726,8,22
still,3.993520518,9,22
totem,4,8,22
stood,4.000863931,9,22
color,4.002159827,8,22
shack,4.003455724,8,22
smoky,4.004319654,8,22
occur,4.008639309,8,22
itchy,4.019438445,10,22
bloom,4.021166307,8,22
steed,4.027213823,9,22
gloom,4.031965443,9,22
label,4.032829374,8,22
willy,4.051403888,8,22
lever,4.053563715,8,22
filly,4.05399568,8,22
flood,4.057451404,9,22
fewer,4.064362851,8,22
slush,4.064794816,8,22
chess,4.076889849,8,22
macaw,4.082937365,8,22
buxom,4.086393089,8,22
awash,4.087257019,8,22
icily,4.087688985,10,22
ember,4.092440605,8,22
swash,4.117062635,8,22
fever,4.117062635,9,22
wryly,4.125269978,8,22
plaza,4.195680346,8,22
crone,3.755507559,8,23
learn,3.768034557,8,23
triad,3.782289417,10,23
train,3.789632829,9,23
suite,3.789632829,9,23
saute,3.792656587,9,23
relay,3.796544276,8,23
tribe,3.8,8,23
lunar,3.805615551,8,23
grace,3.806479482,8,23
built,3.811663067,10,23
tiger,3.815982721,9,23
unlit,3.821166307,9,23
stain,3.845788337,9,23
brute,3.847948164,8,23
relic,3.848812095,8,23
scion,3.84924406,8,23
gayer,3.850107991,8,23
rebut,3.850971922,8,23
baton,3.852267819,8,23
under,3.853563715,9,23
warty,3.856155508,8,23
rabid,3.857883369,8,23
bread,3.861771058,8,23
finer,3.862634989,9,23
noisy,3.865658747,9,23
board,3.866090713,8,23
brain,3.874298056,8,23
mince,3.880345572,9,23
among,3.882073434,8,23
tunic,3.8825054,9,23
decay,3.8825054,9,23
ready,3.883801296,9,23
olden,3.891576674,9,23
daisy,3.893736501,9,23
uncle,3.895896328,9,23
stake,3.90237581,9,23
unfit,3.906263499,9,23
bulge,3.909719222,8,23
other,3.911447084,9,23
clove,3.914470842,8,23
white,3.923542117,8,23
stung,3.924838013,9,23
rocky,3.927429806,8,23
valid,3.927429806,9,23
gaudy,3.930885529,10,23
vicar,3.932613391,8,23
piney,3.933909287,9,23
right,3.935205184,9,23
stank,3.935637149,9,23
datum,3.937796976,8,23
opera,3.939524838,10,23
liver,3.941684665,9,23
leaky,3.943412527,8,23
afoul,3.949892009,9,23
bloke,3.95075594,9,23
thing,3.952051836,8,23
clerk,3.956803456,8,23
rebus,3.959827214,9,23
champ,3.960691145,9,23
punch,3.96112311,8,23
carry,3.96587473,8,23
easel,3.967170626,8,23
ethic,3.967170626,9,23
sooty,3.972354212,9,23
woven,3.973650108,8,23
chief,3.974514039,8,23
asset,3.982721382,9,23
nasal,3.99049676,8,23
stout,4.001727862,9,23
paper,4.009935205,9,23
pubic,4.010367171,9,23
pixel,4.011231102,8,23
sheer,4.013390929,9,23
quoth,4.015982721,10,23
shaky,4.017710583,10,23
debug,4.022894168,9,23
sewer,4.024190065,9,23
wreck,4.025053996,8,23
billy,4.025917927,8,23
cress,4.026349892,8,23
dolly,4.030237581,9,23
adage,4.031533477,9,23
stuck,4.032829374,10,23
hilly,4.042332613,8,23
timid,4.043196544,8,23
fatty,4.045356371,9,23
upper,4.0825054,10,23
usual,4.085529158,9,23
twist,4.087257019,8,23
abyss,4.117926566,9,23
dowdy,4.118358531,8,23
bluff,4.126133909,8,23
motto,4.133909287,9,23
cairn,3.787473002,8,24
resin,3.801727862,8,24
royal,3.811663067,9,24
point,3.812095032,10,24
inert,3.822894168,9,24
ratio,3.832397408,9,24
nurse,3.838444924,8,24
miner,3.839740821,8,24
deity,3.850107991,9,24
acrid,3.852699784,9,24
giant,3.85399568,9,24
token,3.862634989,9,24
surly,3.869978402,9,24
turbo,3.87300216,8,24
barge,3.874298056,9,24
briny,3.876025918,9,24
delay,3.878185745,9,24
lyric,3.879049676,9,24
about,3.880777538,8,24
dirty,3.8825054,9,24
gamer,3.882937365,8,24
horny,3.882937365,8,24
inept,3.885529158,9,24
opine,3.887257019,9,24
style,3.888984881,8,24
girly,3.891576674,8,24
avert,3.895032397,9,24
viral,3.901079914,8,24
derby,3.903671706,8,24
piety,3.903671706,9,24
fluid,3.906263499,9,24
lying,3.908423326,9,24
optic,3.909287257,9,24
grimy,3.910151188,8,24
suave,3.911015119,9,24
niche,3.914038877,8,24
biome,3.914902808,9,24
dogma,3.918358531,9,24
curve,3.924838013,9,24
zonal,3.926133909,9,24
taken,3.926565875,9,24
stoke,3.927861771,9,24
lease,3.929589633,9,24
start,3.934341253,9,24
brief,3.936933045,8,24
fetus,3.938228942,8,24
maybe,3.938228942,8,24
glove,3.939092873,8,24
topaz,3.944708423,9,24
stool,3.94600432,9,24
saucy,3.947300216,8,24
pinch,3.947732181,9,24
baker,3.95161987,8,24
title,3.95161987,8,24
ashen,3.952483801,8,24
smirk,3.953779698,8,24
stove,3.953779698,9,24
racer,3.957235421,8,24
shirk,3.958531317,9,24
steak,3.959395248,9,24
eater,3.959827214,10,24
piece,3.965442765,9,24
showy,3.966738661,9,24
murky,3.976241901,8,24
vying,3.977105832,9,24
drill,3.977969762,9,24
shiny,3.978833693,9,24
thick,3.984449244,9,24
glaze,3.987473002,9,24
marry,3.987904968,8,24
stick,3.987904968,10,24
moron,3.989632829,8,24
undid,3.99049676,9,24
sixty,3.992656587,9,24
scree,3.99524838,9,24
comma,3.996544276,9,24
brink,3.998704104,9,24
agate,3.999136069,9,24
stilt,4,9,24
honor,4.001727862,9,24
vowel,4.003023758,8,24
whirl,4.004319654,8,24
mushy,4.006479482,8,24
puree,4.019438445,9,24
ester,4.021598272,8,24
joust,4.025485961,9,24
elude,4.031101512,9,24
ruder,4.032397408,10,24
nylon,4.036717063,9,24
sever,4.041900648,8,24
musky,4.044060475,8,24
ditty,4.047516199,10,24
chump,4.051403888,9,24
extol,4.0587473,9,24
alibi,4.059179266,8,24
tepee,4.069546436,8,24
taffy,4.071274298,8,24
stash,4.081641469,9,24
manga,4.091144708,8,24
knoll,4.093736501,9,24
hippy,4.105831533,10,24
avail,4.110583153,9,24
seedy,4.111015119,9,24
wacky,4.120086393,8,24
beefy,4.130453564,8,24
beech,4.134773218,8,24
parka,4.148164147,9,24
embed,4.157235421,8,24
piggy,4.160259179,10,24
saint,3.764578834,9,25
drone,3.771922246,8,25
atone,3.790064795,9,25
paint,3.814686825,10,25
chore,3.817710583,9,25
noise,3.818574514,9,25
inlet,3.822462203,10,25
grout,3.827213823,9,25
flare,3.830669546,9,25
crave,3.835853132,8,25
singe,3.836285097,9,25
groan,3.839740821,9,25
ridge,3.843196544,9,25
groin,3.844924406,9,25
bride,3.847084233,8,25
angst,3.853563715,9,25
mayor,3.856155508,8,25
skirt,3.871274298,9,25
anger,3.872570194,9,25
alike,3.880777538,9,25
utile,3.880777538,9,25
gaunt,3.881641469,9,25
faint,3.884665227,9,25
micro,3.888984881,8,25
deter,3.89287257,10,25
savor,3.895896328,10,25
suing,3.903239741,9,25
aunty,3.908423326,9,25
meaty,3.909287257,8,25
inlay,3.91187905,9,25
bugle,3.914470842,8,25
began,3.919222462,9,25
guest,3.919654428,9,25
serum,3.923110151,8,25
while,3.923542117,9,25
admit,3.928293737,9,25
foyer,3.932181425,8,25
neigh,3.935205184,9,25
bravo,3.937796976,8,25
women,3.939092873,8,25
lover,3.939956803,8,25
midge,3.939956803,9,25
laugh,3.940388769,9,25
total,3.942116631,9,25
human,3.946436285,8,25
amend,3.949028078,8,25
cover,3.949460043,8,25
thyme,3.951187905,8,25
curvy,3.951187905,9,25
pivot,3.951187905,10,25
cease,3.952483801,9,25
mower,3.954643629,8,25
mover,3.956803456,8,25
there,3.97537797,8,25
choke,3.98012959,8,25
tweak,3.981425486,9,25
pushy,3.986177106,9,25
circa,3.986177106,9,25
scene,3.988336933,9,25
hymen,3.990064795,8,25
stunk,3.99049676,9,25
bayou,3.993952484,9,25
ebony,3.99524838,8,25
algae,3.996544276,9,25
blink,3.999568035,9,25
abate,4.003455724,9,25
knead,4.005615551,9,25
bulky,4.012526998,9,25
alarm,4.015982721,8,25
apple,4.01987041,9,25
owing,4.022462203,9,25
modem,4.023758099,9,25
roomy,4.027645788,8,25
booty,4.030669546,9,25
dodgy,4.031533477,9,25
toddy,4.032829374,9,25
blitz,4.03412527,10,25
fritz,4.046652268,9,25
opium,4.050107991,10,25
sixth,4.050971922,9,25
giddy,4.050971922,10,25
sweet,4.064362851,9,25
juicy,4.069114471,11,25
wooly,4.071274298,8,25
biddy,4.07775378,8,25
petty,4.087688985,9,25
myrrh,4.094600432,9,25
spook,4.097192225,9,25
salsa,4.098056156,8,25
witty,4.12224622,9,25
shyly,4.125701944,9,25
gypsy,4.157235421,8,25
tonal,3.773650108,9,26
arise,3.793520518,8,26
rainy,3.807775378,9,26
drain,3.815982721,9,26
rayon,3.818142549,8,26
stein,3.825053996,9,26
round,3.831101512,9,26
today,3.847516199,9,26
haute,3.849676026,9,26
diary,3.851835853,9,26
along,3.853131749,9,26
glory,3.855723542,9,26
organ,3.8587473,9,26
trove,3.866522678,9,26
radio,3.879049676,9,26
angry,3.879481641,8,26
melon,3.891144708,8,26
deign,3.898056156,9,26
beard,3.903239741,9,26
coven,3.909287257,9,26
urban,3.912742981,8,26
gruel,3.920086393,8,26
craze,3.921382289,8,26
doing,3.921814255,9,26
latte,3.925701944,9,26
trait,3.927429806,10,26
erase,3.935637149,8,26
dingo,3.938660907,9,26
widen,3.949892009,8,26
exalt,3.951187905,9,26
unity,3.952483801,10,26
above,3.956803456,8,26
wheat,3.958099352,9,26
relax,3.960259179,8,26
rough,3.963282937,9,26
noose,3.96587473,9,26
milky,3.970194384,9,26
major,3.97062635,8,26
ought,3.972786177,10,26
dozen,3.982289417,9,26
woken,3.984017279,8,26
fungi,3.984449244,8,26
hovel,3.987473002,8,26
unwed,3.991360691,9,26
riser,3.992656587,9,26
imbue,3.996112311,8,26
heavy,4.002591793,9,26
fluke,4.010799136,9,26
aloof,4.013822894,9,26
stint,4.016414687,9,26
breed,4.020734341,8,26
bongo,4.027645788,8,26
tweed,4.031533477,10,26
renew,4.032397408,8,26
alley,4.042764579,8,26
chill,4.049676026,9,26
fatal,4.063066955,9,26
bully,4.064362851,9,26
ruddy,4.065226782,8,26
payee,4.065226782,9,26
whisk,4.071706263,9,26
fully,4.072138229,9,26
pagan,4.078185745,9,26
gayly,4.078617711,9,26
cacti,4.078617711,10,26
woody,4.079049676,8,26
basis,4.079481641,8,26
digit,4.079913607,10,26
oddly,4.080777538,9,26
leech,4.081209503,8,26
evade,4.083801296,9,26
lowly,4.086393089,8,26
gassy,4.088984881,8,26
bliss,4.09287257,9,26
needy,4.094600432,9,26
skill,4.09762419,9,26
guppy,4.100647948,9,26
funky,4.10237581,8,26
gaffe,4.11187905,9,26
never,4.1174946,9,26
humus,4.128293737,8,26
minim,4.138228942,9,26
hobby,4.142980562,10,26
fifty,4.148596112,9,26
dizzy,4.189632829,9,26
bezel,4.193952484,8,26
inter,3.817710583,9,27
great,3.821166307,9,27
range,3.827645788,8,27
outer,3.832829374,9,27
alien,3.833261339,9,27
horde,3.848812095,8,27
croak,3.850539957,8,27
acorn,3.850539957,8,27
yearn,3.859179266,8,27
dream,3.863930886,9,27
robin,3.872570194,8,27
entry,3.873866091,8,27
drake,3.877321814,8,27
swine,3.887688985,8,27
fried,3.890280778,9,27
drool,3.902807775,10,27
voter,3.904967603,9,27
ounce,3.906695464,9,27
agony,3.929157667,9,27
droll,3.935205184,10,27
weary,3.941684665,8,27
navel,3.942548596,9,27
hyena,3.952915767,8,27
eight,3.955507559,9,27
devil,3.956803456,10,27
vault,3.958963283,9,27
hover,3.959827214,8,27
using,3.963282937,9,27
evict,3.964578834,10,27
mauve,3.967170626,8,27
ladle,3.969762419,9,27
quart,3.972786177,9,27
rider,3.973650108,9,27
graze,3.974082073,9,27
canon,3.974514039,9,27
brood,3.976241901,8,27
joist,3.98012959,10,27
ethos,3.980993521,9,27
erect,3.981857451,9,27
crazy,3.986177106,8,27
lasso,4,9,27
groom,4.001727862,8,27
creed,4.003887689,10,27
annul,4.008207343,9,27
grass,4.012526998,9,27
prior,4.012526998,9,27
exult,4.01425486,9,27
rodeo,4.015982721,9,27
etude,4.022030238,9,27
tithe,4.022894168,8,27
toxic,4.028509719,9,27
junto,4.029805616,9,27
ledge,4.031533477,9,27
rotor,4.042332613,8,27
hazel,4.042764579,8,27
bible,4.044060475,8,27
cello,4.04838013,9,27
gloss,4.04924406,9,27
freed,4.049676026,9,27
dress,4.050107991,9,27
libel,4.054427646,8,27
husky,4.056587473,9,27
egret,4.0587473,9,27
hunky,4.073866091,9,27
obese,4.074298056,9,27
canny,4.083801296,9,27
swoon,4.085529158,8,27
quash,4.085961123,8,27
hitch,4.085961123,10,27
offal,4.08812095,8,27
gawky,4.095896328,8,27
dwell,4.104103672,9,27
click,4.110583153,10,27
civil,4.132181425,9,27
route,3.820302376,9,28
heron,3.83887689,9,28
alone,3.840172786,9,28
write,3.849676026,9,28
brine,3.850539957,9,28
mouse,3.86349892,8,28
forge,3.874298056,9,28
lunge,3.884233261,9,28
drove,3.894600432,9,28
guile,3.895896328,9,28
audio,3.901943844,9,28
fiery,3.90237581,8,28
terse,3.914470842,8,28
final,3.914902808,8,28
creak,3.916198704,8,28
aloud,3.9174946,10,28
gnome,3.919222462,9,28
haunt,3.920950324,9,28
rival,3.923542117,9,28
weird,3.923542117,10,28
grave,3.931317495,9,28
liken,3.933909287,10,28
viola,3.936933045,9,28
rhino,3.938660907,8,28
tulle,3.942548596,9,28
grief,3.950323974,9,28
night,3.95161987,9,28
tarot,3.955075594,9,28
nudge,3.959395248,10,28
enter,3.96587473,9,28
afoot,3.968898488,9,28
atoll,3.972354212,10,28
borax,3.984449244,8,28
retry,3.991792657,8,28
theme,3.99524838,10,28
wreak,3.996112311,9,28
sulky,4.005615551,9,28
haven,4.009071274,8,28
heath,4.015982721,9,28
stunt,4.019438445,9,28
belie,4.023326134,8,28
dryer,4.028077754,9,28
gross,4.028509719,9,28
banjo,4.03887689,8,28
beget,4.039740821,9,28
newer,4.044492441,8,28
frill,4.054427646,9,28
attic,4.058315335,10,28
octet,4.068682505,9,28
legal,4.073434125,9,28
apnea,4.075161987,8,28
award,4.085529158,9,28
thigh,4.088552916,9,28
squad,4.09762419,9,28
leggy,4.098056156,8,28
crack,4.098488121,9,28
tooth,4.101943844,9,28
skull,4.114902808,9,28
bevel,4.136069114,8,28
widow,4.136933045,8,28
bosom,4.137365011,9,28
kneed,4.138660907,10,28
naval,4.150323974,9,28
squib,4.2,8,28
anode,3.843196544,9,29
irony,3.853131749,8,29
agile,3.855723542,9,29
grain,3.860907127,9,29
lurid,3.881209503,9,29
fairy,3.882937365,9,29
argue,3.898920086,8,29
lemon,3.899784017,8,29
brake,3.911447084,8,29
binge,3.913174946,9,29
owner,3.913606911,8,29
hinge,3.934773218,8,29
hydro,3.935637149,9,29
minus,3.93650108,9,29
begin,3.940388769,9,29
being,3.942980562,9,29
voila,3.949892009,9,29
crier,3.955507559,9,29
conic,3.958963283,9,29
elite,3.959395248,9,29
value,3.959827214,9,29
trout,3.959827214,10,29
begun,3.963714903,9,29
virus,3.987041037,8,29
unify,3.989632829,9,29
exist,3.990064795,9,29
vague,3.993952484,9,29
eying,3.999136069,9,29
taboo,3.999568035,9,29
eagle,4.005183585,9,29
venom,4.006911447,8,29
havoc,4.009935205,10,29
humid,4.01511879,9,29
fjord,4.018142549,9,29
outdo,4.030669546,9,29
tacit,4.034989201,10,29
coyly,4.039740821,8,29
penny,4.052267819,8,29
butte,4.055723542,9,29
testy,4.064362851,9,29
zesty,4.073434125,9,29
igloo,4.073866091,9,29
outgo,4.074730022,10,29
gully,4.075593952,8,29
teddy,4.081641469,9,29
forgo,4.085961123,8,29
tight,4.087257019,9,29
bunny,4.104967603,8,29
askew,4.107991361,8,29
shook,4.111015119,10,29
whack,4.125701944,9,29
hutch,4.14600432,8,29
larva,4.146868251,8,29
skulk,4.15161987,9,29
stiff,4.153347732,9,29
savvy,4.166306695,9,29
amaze,4.188336933,8,29
expel,4.238444924,8,29
dairy,3.853131749,9,30
untie,3.87775378,9,30
daunt,3.880777538,9,30
chain,3.901079914,9,30
tense,3.904103672,9,30
wince,3.915334773,9,30
brave,3.920518359,8,30
drive,3.923974082,9,30
naive,3.92699784,9,30
verso,3.933045356,8,30
avoid,3.933477322,9,30
grove,3.934341253,9,30
abide,3.94600432,9,30
whine,3.949460043,8,30
prize,3.954211663,9,30
feign,3.956803456,9,30
guide,3.96587473,9,30
treat,3.967170626,9,30
allot,3.968898488,9,30
young,3.98012959,9,30
vegan,3.980561555,9,30
retro,3.985313175,9,30
knave,3.98574514,10,30
caulk,3.989632829,9,30
ionic,3.990064795,9,30
snack,3.994384449,9,30
brick,3.997840173,10,30
natal,4.00475162,9,30
curry,4.006047516,8,30
abbot,4.007343413,9,30
deuce,4.010799136,9,30
proxy,4.013822894,8,30
reedy,4.016414687,8,30
quest,4.022030238,9,30
goody,4.02462203,9,30
cycle,4.02462203,9,30
lapel,4.025485961,8,30
roger,4.031965443,9,30
rebar,4.03412527,9,30
gazer,4.038012959,9,30
theta,4.03887689,9,30
omega,4.041036717,9,30
golly,4.053131749,9,30
allow,4.057019438,8,30
lilac,4.058315335,10,30
odder,4.062634989,9,30
gecko,4.066954644,9,30
mossy,4.074730022,8,30
index,4.090712743,9,30
judge,4.101079914,10,30
kiosk,4.121814255,8,30
cheek,4.138228942,9,30
tweet,4.193088553,9,30
puppy,4.202591793,9,30
fuzzy,4.307991361,9,30
goner,3.832829374,8,31
arose,3.833261339,8,31
unite,3.867818575,9,31
anime,3.911015119,8,31
mercy,3.911015119,8,31
honey,3.940388769,9,31
maker,3.950323974,8,31
vigor,3.952915767,9,31
dense,3.959395248,8,31
giver,3.962419006,9,31
corer,3.966738661,9,31
perky,3.971058315,8,31
tiara,3.982289417,10,31
rigid,3.994816415,9,31
loyal,3.998704104,8,31
finch,4.010799136,8,31
piper,4.01987041,10,31
awoke,4.021598272,9,31
sorry,4.022030238,8,31
radii,4.022462203,10,31
slosh,4.030669546,8,31
snuck,4.035853132,8,31
rural,4.037580994,8,31
aware,4.038444924,8,31
koala,4.039308855,9,31
exact,4.048812095,9,31
leave,4.062634989,9,31
iliac,4.06825054,10,31
blurb,4.070842333,9,31
recur,4.094600432,9,31
heave,4.099352052,9,31
mambo,4.109719222,8,31
segue,4.115766739,8,31
villa,4.125269978,9,31
funny,4.125701944,9,31
chili,4.127429806,9,31
visit,4.130021598,9,31
fifth,4.150323974,9,31
karma,4.158963283,8,31
mafia,4.169762419,8,31
daddy,4.179697624,8,31
adorn,3.841036717,9,32
aider,3.866090713,9,32
urine,3.869114471,9,32
intro,3.869114471,9,32
rouge,3.891144708,8,32
guise,3.897192225,9,32
rogue,3.900215983,8,32
ocean,3.903239741,9,32
broke,3.918790497,8,32
dicey,3.933045356,9,32
alive,3.933477322,9,32
eaten,3.971490281,9,32
media,3.972786177,8,32
terra,3.987904968,9,32
greet,3.992656587,9,32
munch,3.993952484,8,32
moose,3.994384449,8,32
merge,4.00475162,8,32
elide,4.01987041,9,32
rerun,4.031101512,9,32
sieve,4.03412527,9,32
order,4.040172786,9,32
rearm,4.041036717,8,32
gauze,4.041468683,9,32
coach,4.044060475,9,32
harry,4.045788337,9,32
squat,4.04924406,9,32
extra,4.052699784,8,32
creek,4.057019438,8,32
fixer,4.059611231,9,32
cache,4.062634989,9,32
worry,4.070842333,8,32
rabbi,4.076457883,8,32
rower,4.076457883,8,32
edify,4.078185745,8,32
hello,4.080777538,8,32
ovoid,4.092440605,9,32
amiss,4.12699784,9,32
hedge,4.127429806,9,32
gruff,4.134341253,9,32
goofy,4.135205184,8,32
wheel,4.142116631,8,32
skunk,4.142980562,8,32
unzip,4.144276458,9,32
happy,4.163282937,10,32
teeth,4.172786177,8,32
nanny,4.192224622,9,32
mammy,4.193088553,8,32
icing,4.19524838,9,32
tatty,4.202159827,9,32
sassy,4.219006479,9,32
grime,3.870410367,8,33
curio,3.895032397,9,33
audit,3.910151188,9,33
hairy,3.914470842,9,33
aroma,3.966306695,9,33
aorta,3.969330454,9,33
olive,3.981857451,9,33
druid,3.98488121,8,33
arbor,3.98574514,8,33
ovate,3.988336933,9,33
niece,3.989200864,9,33
linen,4.008639309,9,33
goose,4.028941685,9,33
inner,4.038444924,9,33
again,4.057019438,9,33
verse,4.061771058,9,33
sunny,4.071706263,9,33
tenet,4.075593952,9,33
shuck,4.076457883,9,33
inbox,4.080345572,8,33
ninth,4.0825054,9,33
holly,4.086393089,9,33
sully,4.088552916,9,33
soggy,4.089848812,9,33
mania,4.092008639,8,33
wedge,4.09287257,8,33
idiot,4.095032397,10,33
hatch,4.096328294,9,33
catch,4.096328294,9,33
equal,4.122678186,9,33
weedy,4.123974082,8,33
juror,4.132181425,9,33
offer,4.132613391,9,33
theft,4.139092873,9,33
mecca,4.1412527,9,33
crock,4.143844492,8,33
abbey,4.144708423,9,33
jolly,4.146436285,8,33
allay,4.152483801,8,33
foggy,4.160691145,9,33
swish,4.182721382,9,33
ninny,4.185313175,9,33
freer,4.189632829,9,33
livid,4.192224622,9,33
excel,4.196112311,9,33
kinky,4.215550756,8,33
llama,4.245788337,8,33
amass,4.263066955,8,33
reign,3.869546436,9,34
afire,3.880777538,9,34
gourd,3.884665227,10,34
siege,3.968466523,8,34
erode,3.969330454,9,34
novel,3.977105832,9,34
overt,3.98574514,9,34
ivory,4.008207343,9,34
titan,4.011231102,9,34
freak,4.016414687,9,34
winch,4.029805616,8,34
lorry,4.039740821,9,34
fence,4.04362851,8,34
eager,4.044924406,9,34
boxer,4.047516199,8,34
eking,4.048812095,10,34
greed,4.062634989,9,34
vogue,4.065226782,9,34
quota,4.078185745,9,34
serve,4.079913607,9,34
brook,4.090280778,8,34
delve,4.121382289,10,34
epoxy,4.126565875,8,34
weave,4.130021598,9,34
enema,4.133045356,9,34
quake,4.136933045,10,34
crick,4.138228942,10,34
guess,4.147300216,9,34
idiom,4.151187905,8,34
kitty,4.151187905,10,34
buggy,4.152915767,10,34
enemy,4.165442765,8,34
chaff,4.19049676,9,34
exert,4.217710583,9,34
poppy,4.228509719,9,34
shush,4.291576674,9,34
adore,3.869546436,10,35
nerdy,3.923542117,9,35
ardor,3.942980562,9,35
truer,3.981425486,10,35
ovary,3.98574514,9,35
armor,3.994384449,8,35
drier,3.995680346,10,35
oaken,4.005615551,9,35
given,4.015982721,9,35
annoy,4.018574514,9,35
utter,4.041468683,10,35
ditto,4.060043197,10,35
gauge,4.071706263,9,35
conch,4.074730022,8,35
furry,4.088984881,8,35
razor,4.093304536,9,35
hurry,4.093736501,9,35
going,4.093736501,9,35
krill,4.096760259,9,35
event,4.109287257,9,35
fella,4.120950324,9,35
valve,4.125269978,9,35
sniff,4.147300216,8,35
hussy,4.156803456,9,35
radar,4.169762419,9,35
awake,4.171058315,9,35
vigil,4.21425486,9,35
known,4.227213823,9,35
boozy,4.23412527,8,35
jelly,4.24838013,9,35
boney,3.942980562,9,36
reuse,3.981857451,9,36
break,3.986177106,9,36
vaunt,3.993088553,9,36
toxin,3.998272138,9,36
taint,4.013822894,9,36
ensue,4.015550756,9,36
covey,4.015550756,9,36
bribe,4.032397408,9,36
alloy,4.044060475,9,36
quilt,4.045788337,10,36
friar,4.049676026,9,36
helix,4.060043197,8,36
grill,4.066954644,9,36
zebra,4.071274298,8,36
dodge,4.071274298,9,36
wooer,4.072138229,8,36
pique,4.109287257,9,36
where,4.112311015,8,36
qualm,4.119222462,8,36
udder,4.144708423,10,36
rarer,4.15161987,8,36
fussy,4.180561555,9,36
belle,4.198272138,8,36
geese,4.218142549,9,36
mucus,4.225917927,8,36
papal,4.233261339,8,36
slyly,4.246220302,9,36
emcee,4.265658747,8,36
fluff,4.28812095,9,36
twixt,4.28812095,9,36
civic,4.340388769,9,36
ideal,3.938228942,9,37
trite,3.939524838,9,37
arena,4.001727862,8,37
liege,4.022030238,9,37
maize,4.02462203,9,37
agree,4.028077754,9,37
briar,4.028509719,10,37
dried,4.031101512,9,37
chunk,4.060475162,9,37
augur,4.064794816,9,37
quite,4.074730022,10,37
kneel,4.085961123,10,37
undue,4.091576674,10,37
quark,4.136933045,9,37
cocoa,4.140388769,10,37
waxen,4.144276458,9,37
woozy,4.241036717,8,37
madam,4.323974082,8,37
joint,3.995680346,10,38
ovine,4.007343413,9,38
rigor,4.023326134,9,38
froze,4.025485961,9,38
video,4.037580994,9,38
quote,4.039740821,9,38
green,4.066954644,9,38
otter,4.071274298,9,38
verge,4.089848812,9,38
axiom,4.100647948,9,38
gooey,4.108855292,9,38
crook,4.130885529,8,38
gouge,4.133477322,9,38
quasi,4.137365011,9,38
ahead,4.15075594,10,38
gummy,4.155939525,9,38
essay,4.206479482,9,38
which,4.224190065,9,38
guava,4.229805616,11,38
jetty,4.231101512,9,38
rajah,4.239308855,8,38
eject,4.251835853,9,38
voice,3.982289417,10,39
axion,4.027213823,10,39
dread,4.084665227,10,39
aging,4.098056156,9,39
joker,4.127429806,9,39
tibia,4.128293737,10,39
equip,4.145572354,9,39
hippo,4.166738661,10,39
axial,4.188768898,10,39
fugue,4.203887689,10,39
skiff,4.244924406,9,39
fizzy,4.286825054,9,39
genie,4.021166307,9,40
leery,4.022030238,9,40
knife,4.031965443,9,40
diode,4.045356371,9,40
juice,4.074298056,10,40
junta,4.093304536,9,40
rover,4.103671706,9,40
pupil,4.114038877,9,40
river,4.115766739,9,40
geeky,4.229805616,9,40
jiffy,4.295032397,9,40
bobby,4.304967603,8,40
mimic,4.315766739,8,40
waive,3.996112311,9,41
taunt,4.071274298,9,41
issue,4.103671706,9,41
ferry,4.114038877,9,41
melee,4.17062635,8,41
sushi,4.181857451,9,41
sissy,4.202159827,8,41
pizza,4.245356371,8,41
aback,4.254859611,9,41
assay,4.256587473,9,41
booby,4.266522678,8,41
mummy,4.276025918,9,41
jewel,4.291144708,8,41
arrow,4.024190065,8,42
sauna,4.060475162,8,42
inane,4.064794816,9,42
azure,4.07300216,9,42
couch,4.089416847,8,42
await,4.091576674,9,42
envoy,4.104535637,9,42
vixen,4.167170626,10,42
quill,4.217710583,10,42
quack,4.245788337,10,42
gamma,4.322678186,8,42
money,3.948164147,8,43
oxide,4.114470842,9,43
array,4.121382289,9,43
revue,4.127861771,10,43
ennui,4.154211663,9,43
queer,4.205615551,10,43
knack,4.26349892,10,43
magma,4.345572354,9,43
quail,4.105831533,9,44
cinch,4.121814255,9,44
kebab,4.265658747,9,44
agora,4.031101512,9,45
pixie,4.216414687,9,45
check,4.227213823,9,45
quell,4.260475162,10,45
maxim,4.29762419,9,45
quiet,4.057451404,10,46
jaunt,4.100215983,9,46
seize,4.114038877,9,46
nerve,4.120518359,9,46
eerie,4.147732181,9,46
quirk,4.180561555,10,46
penne,4.212958963,9,46
jazzy,4.319222462,9,46
berry,4.123542117,9,47
enjoy,4.19049676,9,47
khaki,4.259611231,11,47
ninja,4.265226782,9,47
femme,4.295464363,9,47
merry,4.0825054,8,48
venue,4.128293737,10,48
fauna,4.174514039,9,48
booze,4.199136069,9,48
evoke,4.204319654,9,48
affix,4.319222462,9,48
sense,4.142116631,8,49
hunch,4.168034557,8,49
jerky,4.171490281,9,49
every,4.194384449,8,49
chick,4.241468683,10,49
level,4.296760259,9,49
vivid,4.408639309,10,49
exile,4.204319654,9,50
genre,4.038444924,9,51
query,4.146868251,9,51
avian,4.154643629,10,51
kayak,4.39524838,9,51
mamma,4.457019438,9,51
gorge,4.03887689,9,52
union,4.152915767,10,53
queen,4.241036717,10,53
onion,4.278617711,10,53
cacao,4.222894168,9,54
quick,4.240604752,11,55
ozone,4.250107991,9,55
error,4.246652268,9,56
verve,4.247948164,9,58
chuck,4.288552916,10,60
kappa,4.410367171,9,60
annex,4.263066955,9,61
queue,4.420302376,11,71
